tag,actual_dist
SITA,9
accessDoorOrPanel,7
accessFrom,8
accessPoint,7
accessPointAlts,6
accessPointIdent,6
accessPointRef,9
accessPointRefGroup,8
accessPointRepository,3
accessPointSpec,5
accessPointType,8
accessTo,8
accessory,5
accessoryGroup,4
acronym,4
acronymDefinition,5
acronymTerm,5
action,9
actionAlts,8
actionGroup,1
additionalModification,6
address,6
altIdent,7
altIdentGroup,6
alteredFromPart,7
alteredFromPartDescr,8
amperage,6
answer,3
applic,3
applicCrossRefTable,2
applicCrossRefTableCatalog,3
applicCrossRefTableRef,3
applicIdent,5
applicRef,3
applicRefIdent,5
applicRepository,3
applicSpec,5
applicSpecIdent,6
applicabilitySegment,5
assertion,7
assign,4
assocWarningMalfunction,7
assocWarningMalfunctionAlts,6
associate,5
assy,7
assyInstruction,6
attachStoreShipPart,6
attachmentRef,2
attenuation,8
authorityExceptions,4
authorityInfo,5
authorityInfoAndTp,4
authorityNotes,4
authorization,3
authorizationStatus,9
barCode,4
barCodeCode,5
barCodeSymbol,5
basicCorrelatedFaults,5
behavior,2
bindById,1
bindByName,1
bitMessage,7
bitMessageAlts,6
blockGroupingValue,11
booleanValue,0
boundary,9
boundaryFrom,8
boundaryTo,8
brAction,2
brAudit,1
brCategory,3
brCategoryDescription,4
brCategoryGroup,2
brCurrentStatus,2
brDecision,1
brDecisionExplanation,2
brDecisionPending,2
brDecisionPointContent,1
brDecisionPointExplanation,2
brDecisionPointRef,3
brDecisionPointText,2
brDecisionPointValue,3
brDecisionPointValueGroup,2
brDecisionRef,4
brDecisionText,2
brDecisionValue,3
brDecisionValueGroup,2
brDoc,2
brLevelledPara,4
brPara,0
brRelatedTo,1
brRequiredDate,3
brStatusDate,3
brex,2
brexDmRef,3
building,9
businessUnit,6
businessUnitAddress,7
businessUnitName,7
buyerFurnishedEquipFlag,7
calibrationMarker,7
caption,0
captionLine,1
catalogSeqNumber,3
catalogSeqNumberRef,8
categoryOneContainerLocation,5
caution,4
cautionIdent,6
cautionRef,3
cautionRepository,3
cautionSpec,5
changeAuthority,9
changeAuthorityData,8
changeAuthorityDataGroup,7
checkList,2
checkListInfo,3
checkListInterval,5
checkListIntervals,4
checkListItem,5
checkListItems,4
checkListPara,7
checkListProcedure,6
checkListStep,8
choice,10
circuitBreaker,7
circuitBreakerAlts,6
circuitBreakerClass,8
circuitBreakerDescr,8
circuitBreakerDescrGroup,6
circuitBreakerDescrSubGroup,7
circuitBreakerIdent,6
circuitBreakerLocation,9
circuitBreakerRef,9
circuitBreakerRefGroup,8
circuitBreakerRepository,3
circuitBreakerSpec,5
circuitIdent,7
city,9
classificationAction,5
classificationActionGroup,4
clippingPoint,8
closeRqmts,3
coaxialCableFlag,7
comment,0
commentAddress,2
commentAddressItems,3
commentCode,4
commentContent,1
commentIdent,3
commentOriginator,4
commentPriority,3
commentRef,3
commentRefIdent,4
commentRefs,3
commentResponse,3
commentStatus,2
commentTitle,4
commonInfo,5
commonRepository,2
complianceCategory,6
componentAssy,6
componentAssyGroup,5
cond,4
condCrossRefTable,2
condCrossRefTableRef,3
condDescr,6
condIncorporation,4
condList,3
condRef,6
condRefGroup,5
condType,4
condTypeList,3
condition,1
conduit,5
conduitGroup,4
configAttributes,2
connectionListClass,6
connector,5
connectorAccessories,6
connectorGroup,4
contact,9
contactCount,6
contactDescr,7
contactDescrGroup,6
contactDiameter,6
contactIdentification,7
contactInfo,8
contactOrderValue,11
contactPerson,7
contactPersonAddress,8
contactSize,6
container,2
content,1
contentDescription,4
contextAndIsolationInfo,5
contextRules,3
controlAuthority,4
controlAuthorityGroup,3
controlAuthorityText,5
controlIndicatorDescr,6
controlIndicatorFunction,7
controlIndicatorGroup,4
controlIndicatorIdent,5
controlIndicatorKey,6
controlIndicatorName,6
controlIndicatorRef,0
controlIndicatorRepository,3
controlIndicatorSpec,5
copyright,5
copyrightPara,6
correlatedFault,4
correlatedFaultAlts,3
country,9
crew,2
crewMember,1
crewMemberGroup,0
crewRefCard,3
customerStockNumber,7
dataConds,5
dataDestruction,5
dataDisclosure,5
dataDistribution,5
dataHandling,5
dataRestrictions,3
dataUpdateFile,0
ddn,0
ddnAddress,2
ddnAddressItems,3
ddnCode,4
ddnContent,1
ddnIdent,3
ddnRef,5
ddnRefAddressItems,6
ddnRefGroup,4
ddnRefIdent,6
ddnStatus,2
default,0
deleteObject,4
deleteObjectGroup,3
deliveryList,2
deliveryListItem,3
department,9
dependency,5
derivativeClassification,3
derivativeSource,6
descr,5
descrAccessDoorOrPanel,4
descrAccessory,4
descrAccessoryPartNumber,5
descrAltPartNumber,5
descrAmperage,5
descrAssy,5
descrAttenuation,5
descrBlockGroupingValue,5
descrCircuitIdent,4
descrCoaxialCableFlag,4
descrConduit,4
descrConnectionListClass,4
descrConnector,4
descrContact,4
descrContactCount,5
descrContactDiameter,5
descrContactSize,5
descrCrew,3
descrDistributionPart,4
descrElectricalContact,5
descrElectricalEquip,3
descrElectricalStateDescr,5
descrEmcCode,4
descrEquipDescrRef,4
descrEquipName,4
descrFeedThru,4
descrFinishingInfo,4
descrForLocation,6
descrForPart,7
descrFrequency,5
descrFunctionalDescrRef,4
descrFunctionalItemRef,4
descrGroupCode,4
descrHarness,3
descrHarnessEnvironment,4
descrHarnessIdent,4
descrHarnessName,4
descrHarnessVariantIdent,4
descrHarnessVariantIssue,4
descrIdentSleeve,4
descrIllustrationRef,4
descrImpedance,5
descrInstallationLocation,4
descrLength,4
descrManufacturerCode,5
descrMass,5
descrMaterial,5
descrMaxDiameter,5
descrMaxHarnessSize,5
descrMaxMountingPositions,4
descrMaxTemperature,5
descrMinDiameter,5
descrMinHarnessSize,5
descrMinTemperature,5
descrNetworkAnalysisCode,4
descrNextHigherAssy,4
descrNumberOfCores,5
descrOrientation,5
descrOuterDiameter,5
descrOuterJacketColor,5
descrPartNumber,4
descrPositionOnNextHigherAssy,4
descrPreparationInfo,4
descrRack,5
descrReqQuantity,4
descrResistance,5
descrResponsiblePartnerCompany,4
descrRestriction,4
descrRouting,4
descrScreen,4
descrScreenCount,5
descrSectionIdent,4
descrShrinkSleeve,4
descrShuntGroupingValue,5
descrSiblingPlugIdent,4
descrSignalInfo,4
descrSize,5
descrSleeve,4
descrSolderSleeve,4
descrSpecialTerminal,5
descrStandardPartGroup,3
descrSurfaceProtection,5
descrSystemBreakdownCode,4
descrTerminationModuleGroupingValue,5
descrThermoCoupleMinus,5
descrThermoCouplePlus,5
descrTransverseLink,4
descrTriaxialCableFlag,4
descrTwist,4
descrVoltage,5
descrWallThickness,5
descrWire,3
descrWireColor,4
descrWireConnectionCode,4
descrWireGauge,4
descrWireInfoCircuitIdent,4
descrWireInfoSectionIdent,4
descrWireMaterial,4
descrWireNumber,4
descrWireRoute,4
descrWireSeqNumber,4
descrWireType,4
description,1
detailedFaultDescr,6
detectedFault,4
detectedFaultAlts,3
detectedLruItem,6
detectedSruItem,7
detectionInfo,5
diagnosticProcess,7
diagnosticsReason,8
dialog,1
dialogAlts,5
dispatchAddress,5
dispatchFileName,4
dispatchFrom,4
dispatchPerson,6
dispatchTo,4
displayName,5
displayText,4
distributionPart,5
distributionPartGroup,4
division,7
dmAddress,2
dmAddressItems,3
dmCode,3
dmIdent,3
dmLoop,0
dmNode,1
dmNodeAlts,0
dmRef,1
dmRefAddressItems,2
dmRefGroup,4
dmRefIdent,2
dmSegmentRef,4
dmSeq,1
dmSeqAlts,0
dmStatus,2
dmTitle,3
dml,0
dmlAddress,2
dmlAddressItems,3
dmlCode,5
dmlContent,1
dmlEntry,2
dmlIdent,3
dmlRef,3
dmlRefGroup,4
dmlRefIdent,4
dmlStatus,2
dmodule,0
documentIncorporation,5
effectivity,8
electricalEquip,5
electricalEquipAlts,4
electricalEquipConnection,8
electricalEquipGroup,3
electricalEquipState,7
electricalLogic,6
electricalPotential,10
electricalStateDescr,8
email,9
embeddedSpareDescr,8
embeddedSupplyDescr,8
embeddedSupportEquipDescr,8
emcCode,7
enabledState,0
endItemCode,6
enterprise,6
enterpriseGroup,6
enterpriseIdent,6
enterpriseIdentAlt,6
enterpriseInfo,7
enterpriseLogo,4
enterpriseName,4
enterpriseRef,7
enterpriseRepository,3
enterpriseSpec,5
enterpriseUnit,7
entityControlNumber,4
entry,3
enumeration,5
equip,5
equipDescrRef,6
equipGroup,4
equipName,6
equipmentNotAvailable,8
estimatedTime,6
evaluate,5
example,3
excludedModification,6
exportControl,5
exportRegistrationCode,6
exportRegistrationStmt,6
expression,2
externalApplication,0
externalAssert,6
externalCond,4
externalProductAttribute,4
externalPubCode,3
externalPubIssue,4
externalPubIssueDate,3
externalPubIssueInfo,3
externalPubRef,1
externalPubRefAddressItems,2
externalPubRefIdent,2
externalPubTitle,3
externalSco,3
extraResources,4
falseValue,1
fastener,8
fastenerQuantity,9
fastenerType,9
fault,8
faultCond,7
faultContext,6
faultDescr,5
faultEquip,7
faultIsolation,2
faultIsolationProcedure,3
faultIsolationRef,7
faultIsolationTest,9
faultMessageBody,7
faultMessageIndication,7
faultReporting,2
faultySubSystem,7
faxNumber,9
feedThru,8
fieldName,5
figureAltsIdent,5
figureIdent,5
finishingInfo,9
firstName,8
firstVerification,4
fitmentCode,7
footnoteRef,11
footnoteRemarks,10
frequency,8
frequencyAttenuation,7
frequencyCharacteristics,6
fromEquip,7
frontMatter,2
frontMatterDmEntry,5
frontMatterExternalPubEntry,5
frontMatterInfo,4
frontMatterList,3
frontMatterPmEntry,5
frontMatterSubList,4
frontMatterTableOfContent,3
frontMatterTitlePage,3
fullNatoStockNumber,8
functionalDescrRef,7
functionalItem,7
functionalItemAlts,6
functionalItemCode,3
functionalItemFamily,8
functionalItemIdent,6
functionalItemRef,9
functionalItemRefGroup,8
functionalItemRepository,3
functionalItemSpec,5
functionalPhysicalAreaIdent,6
functionalPhysicalAreaRef,8
functionalPhysicalAreaRefGroup,6
functionalPhysicalAreaRepository,3
functionalPhysicalAreaSpec,5
genericPartData,6
genericPartDataGroup,5
genericPartDataValue,7
genericProperty,9
genericPropertyGroup,8
globalPropertyRef,2
grobject,1
groundingType,8
groupCode,9
groupNumber,5
harness,5
harnessAlts,4
harnessEnvironment,7
harnessGroup,3
harnessIdent,7
harnessInfo,6
harnessName,7
harnessSize,6
harnessVariantIdent,7
harnessVariantIssue,7
hazard,8
hazardIdent,6
hazardRef,8
hazardRepository,3
hazardSpec,5
hazardousClass,9
hazards,7
hoursToClose,8
hoursToOpen,8
icnContents,3
icnInfoItem,4
icnInfoItemGroup,3
icnKeyword,5
icnKeywordGroup,4
icnMetadataFile,0
icnObject,6
icnObjectGroup,4
icnResourceFiles,4
icnSourceFiles,4
icnSupportingFiles,3
icnSupportingFilesDescr,5
icnTitle,4
icnVariation,2
identAndStatusSection,1
identExtension,3
identNumber,9
identSleeve,5
identSleeveGroup,4
illustratedPartsCatalog,2
illustrationRef,7
ilsNumber,5
imfAddress,2
imfAddressItems,3
imfCode,4
imfContent,1
imfIdent,3
imfIdentAndStatusSection,1
imfStatus,2
impedance,7
incorporation,3
incorporationStatus,6
indexFlag,4
indicationGroup,0
infoEntityRef,3
infoName,4
infoNameVariant,4
initialProvisioningProject,3
initialProvisioningProjectRef,7
initialize,5
inlineSignificantData,8
insertObject,4
insertObjectGroup,3
inspection,4
inspectionDefinition,3
inspectionType,8
installationInfo,6
installationLocation,7
instructionIdent,10
integerValue,1
interchangeability,6
internalRef,1
internet,9
isolateDetectedFault,5
isolatedFault,4
isolatedFaultAlts,3
isolationInfo,6
isolationMainProcedure,5
isolationProcedure,4
isolationProcedureEnd,7
isolationProcedureEndAlts,6
isolationStep,7
isolationStepAlts,6
isolationStepAnswer,8
isolationStepQuestion,8
issueDate,3
issueInfo,3
itemDescr,8
itemIdentData,6
itemNumber,6
itemSeqNumber,4
jobTitle,8
language,3
lastName,8
lcAbilities,6
lcAccessibility,7
lcActualPerformanceStatement,7
lcAge,6
lcAnswerOption,7
lcAnswerOptionContent,8
lcAnswerOptionGroup,6
lcAssessmentComponent,7
lcAssessmentStrategy,6
lcAsset,6
lcAttitude,6
lcAttitudeTowardContent,7
lcAudience,4
lcBrowsers,7
lcCapacity,6
lcCauseAnalysis,4
lcClassroom,7
lcClient,5
lcCompletion,5
lcCourseIdentNumber,5
lcCurrentEntryBehaviors,7
lcData,6
lcDeliveryDate,5
lcDesiredPerformanceStatement,7
lcDownloadTime,7
lcDragAndDrop,5
lcDuration,7
lcEducationLevel,6
lcEntryBehavior,5
lcEnvironmentalFactor,5
lcFeedbackItem,0
lcFileSizeLimitations,7
lcFormativeEvaluation,5
lcGapAnalysis,5
lcGapItem,6
lcGapStatement,7
lcGoalStatement,6
lcGraphicStandards,7
lcHotspot,5
lcHotspotMap,6
lcHumanResourceDevelopment,6
lcImmediatePerformanceCompetence,6
lcIncentives,6
lcInstruction,4
lcInteraction,4
lcInternalFactor,5
lcInterventionDefinition,4
lcInterventionImplementation,4
lcIntro,4
lcItem,8
lcJobCode,6
lcJobDesign,6
lcJobTitle,6
lcJobTransfer,6
lcJtaItem,7
lcKnowledge,6
lcLearningObjectives,5
lcLearningPlan,5
lcLearningPreferences,7
lcLearningStrategy,7
lcLms,7
lcLocalCultureConsiderations,7
lcManagerialSupport,6
lcMasteryScoreCriteria,8
lcMatchTable,6
lcMatching,5
lcMatchingHeader,7
lcMatchingItem,8
lcMatchingPair,7
lcMinimumPassThreshold,8
lcMissionStatement,6
lcModificationDate,5
lcMotives,6
lcMultipleSelect,5
lcNextSteps,4
lcNonLmsItEnvironment,7
lcNonTrainingInterventions,5
lcObjectiveItem,0
lcObjectiveItemGroup,1
lcObjectiveStatement,6
lcOjt,7
lcOrganizationalAnalysis,5
lcOrganizationalCommunication,6
lcOrganizationalDesign,6
lcOrganizationalEnvironmentAnalysis,5
lcOrganizationalImpact,6
lcPaperBasedMaterials,7
lcPerformanceAnalysis,4
lcPerformanceEvaluation,4
lcPerformanceRubric,8
lcPerformanceSupport,6
lcPerformerAnalysis,5
lcPersonalDevelopment,6
lcPhysicalAspectsOfSite,6
lcPlanObjective,7
lcPlanSubject,5
lcPlayers,7
lcPrerequisites,6
lcProfessionalBackground,6
lcProject,4
lcQuestion,6
lcRequiredEntryBehaviors,6
lcRequiredEquipment,7
lcRequiredFacilities,7
lcRequiredFinances,7
lcRequiredPersonnel,7
lcResolution,7
lcResources,4
lcReview,4
lcScoringMethod,8
lcSection,4
lcSecurity,7
lcSequence,8
lcSequenceOption,7
lcSequenceOptionGroup,6
lcSequencing,5
lcSingleSelect,5
lcSkills,6
lcSocialAspectsOfSite,6
lcSpecialFactors,6
lcSummary,4
lcSummativeEvaluation,5
lcTargetAudience,6
lcTechnicalRqmts,6
lcTime,8
lcTrainingComponent,6
lcTrainingInterventions,5
lcTrainingType,7
lcTrueFalse,5
lcValues,6
lcViewers,7
lcVisionStatement,6
lcWorkEnvironmentAnalysis,5
learning,2
learningAssessment,3
learningContent,3
learningOverview,3
learningPlan,3
learningSummary,3
legacyIdent,5
legacyIdentGroup,4
legend,4
length,7
levelledPara,1
levelledParaAlts,0
limit,7
limitRange,8
limitRangeFrom,9
limitRangeTo,9
limitType,5
limitedPartNumber,7
linkuri,2
listItemDefinition,0
listOfChoices,9
localFabricationMaterial,7
locateAndRepair,5
locateAndRepairLruItem,8
locateAndRepairSruItem,9
location,8
locationRcmd,6
locationRcmdSegment,5
logo,3
lom:lom,2
lowestAuthorizedLevel,7
lowestAuthorizedLevelGroup,6
lru,8
lruItem,7
mainProcedure,4
maintAllocation,3
maintAllocationGroup,4
maintFunction,7
maintLevel,5
maintLevelGroup,7
maintPlanning,2
maintQualifier,6
malfunction,2
manufacturerCode,8
markupExample,4
mass,6
material,6
materialSetRef,7
maxDiameter,7
maxHarnessSize,7
maxMountingPositions,6
maxTemperature,7
mediaIdent,2
message,3
messageAlts,2
middleName,8
minDiameter,7
minHarnessSize,7
minTemperature,7
modelName,6
modelVersion,7
modification,6
modificationTitle,7
multimedia,1
multimediaAlts,0
multimediaAltsIdent,5
multimediaIdent,5
multimediaObject,2
name,10
narrativeExample,4
natoStockNumber,7
networkAnalysisCode,9
nextHigherAssy,7
noAnswer,10
noConds,5
noInfo,5
noReferences,4
noSafety,5
noSpares,5
noSupplies,5
noSupportEquips,5
noValue,1
nonContextRule,4
nonContextRules,3
notIllustrated,6
notationName,6
notationRule,5
notationRuleList,4
numberOfCores,6
numberOfPages,6
objectPath,6
objectUse,6
objectValue,6
observedFault,4
observedFaultAlts,3
optionalPart,7
orientation,6
originator,3
otherItems,9
otherPossibleCause,5
outerDiameter,6
outerJacketColor,6
overLengthPartNumber,7
packaging,8
para,1
paraBasic,6
parameter,3
partAndSerialNumber,10
partIdent,6
partKeyword,7
partLocationSegment,5
partNumber,7
partRef,8
partRefGroup,6
partRepository,3
partSegment,5
partSpec,5
partUsage,7
person,5
personCategory,6
personSkill,3
personnel,5
phoneNumber,9
physicalChemicalDescr,6
physicalSecurityPilferageCode,7
placardText,7
pm,0
pmAddress,2
pmAddressItems,3
pmCode,3
pmEntry,3
pmIdent,3
pmRef,1
pmRefAddressItems,2
pmRefGroup,4
pmRefIdent,2
pmStatus,2
pmTitle,3
policyStatement,5
positionOnNextHigherAssy,7
possibleCauseGroup,4
postOfficeBox,9
postalZipCode,9
potentialConnectionsOrder,10
preferredSparePart,7
preliminaryRqmts,3
preparationInfo,9
procedure,2
process,2
processCategory,6
procurementData,6
product,3
productAndModel,4
productAttribute,4
productAttributeList,3
productConfiguration,5
productCrossRefTable,2
productCrossRefTableRef,3
productDefinitionRelationship,4
productIllustration,4
productIntroName,4
productItem,7
productModel,5
productName,5
productSafety,3
productionMaintData,4
prompt,5
province,9
pubMedia,3
publisherLogo,4
pushButton,0
qualityAssurance,3
quantity,10
quantityGroup,11
quantityPerNextHigherAssy,5
quantityPerUnit,8
quantityTolerance,12
quantityValue,12
rack,6
rcmd,6
rcmdQuantity,8
rdf:Description,1
realValue,1
reasonForAmendment,3
reasonForSelection,5
reasonForUpdate,3
receiveByName,1
receiveByPosition,1
receiveValue,1
reducedListItemPara,8
reducedPara,5
reducedRandomList,6
reducedRandomListItem,7
referTo,6
referencedApplicGroup,2
referencedApplicGroupRef,2
refs,5
reinstateObject,4
reinstateObjectGroup,3
relatedTask,5
remarkCode,5
remarks,3
remarksGroup,4
remarksList,3
remarksRefs,7
remedyAction,4
removalOrInstallationQuantity,5
repair,9
replaceObject,4
replaceObjectGroup,3
replacedBy,7
replacementCond,8
repositorySourceDmIdent,3
reqCond,6
reqCondCircuitBreaker,5
reqCondDm,5
reqCondExternalPub,5
reqCondGroup,4
reqCondNoRef,5
reqCondPm,5
reqPersons,4
reqQuantity,6
reqSafety,4
reqSpares,4
reqSupplies,4
reqSupportEquips,4
reqTechInfo,5
reqTechInfoGroup,4
resistance,6
responsiblePartnerCompany,3
restrictedOperationNote,6
restriction,7
restrictionInfo,4
restrictionInstructions,4
retrofit,5
returnedValueName,2
returnedValuePosition,2
room,9
routing,7
row,2
rqmtSource,4
s1000dSchemas,2
safetyCategory,8
safetyInformation,9
safetyRqmts,5
sampling,8
sb,2
sbAccomplishmentInstructions,3
sbAccomplishmentLimit,4
sbAdditionalInfo,3
sbAlteredToPart,10
sbAlteredToPartDescr,11
sbApproval,4
sbApprovedDm,4
sbAvailability,9
sbCompliance,4
sbConcurrentSbInfo,5
sbConcurrentSbList,4
sbCondition,10
sbDrawingRef,8
sbDuration,6
sbEstimatedTime,6
sbExternalSpareSet,6
sbExternalSupplySet,6
sbExternalSupportEquipSet,6
sbImpact,5
sbImpactList,4
sbIndividualRemovedSpare,7
sbIndividualSpare,7
sbIndividualSupply,7
sbIndividualSupportEquip,7
sbIndustrySupport,8
sbInstructionRef,8
sbInterchange,8
sbLimit,5
sbManagementInfo,3
sbMaterialDescr,7
sbMaterialInfo,3
sbMaterialInfoContent,4
sbMaterialSet,6
sbMaterialSetList,5
sbMaterialSetRef,10
sbOriginalIssueDate,4
sbPlanningInfo,3
sbPriceInfo,9
sbProcurementAddress,9
sbProcurementInfo,8
sbProductModification,5
sbProductModificationList,4
sbRemovedSpareDescr,8
sbRemovedSpareSet,6
sbRemovedSparesList,5
sbReplacement,9
sbReplacementSb,4
sbRevisionInfo,3
sbSpareSet,6
sbSparesList,5
sbSummary,3
sbSuppliesList,5
sbSupplySet,6
sbSupportEquipSet,6
sbSupportEquipsList,5
sbTaskType,4
sbTimeAssessment,4
sbTimeCompliance,6
sbTimeInfo,5
sbTopic,4
sbTopicContent,5
scoContent,2
scoEntry,1
scoEntryItem,0
scormContentPackage,0
scormContentPackageAddress,2
scormContentPackageAddressItems,3
scormContentPackageCode,2
scormContentPackageIdent,3
scormContentPackageMedia,3
scormContentPackageRef,0
scormContentPackageRefAddressItems,1
scormContentPackageRefIdent,1
scormContentPackageStatus,2
scormContentPackageTitle,2
screen,8
screenCount,6
screenGroup,7
screenOrder,10
secondVerification,4
sectionIdent,7
security,3
selectOrManufacture,7
selectOrManufactureFromIdent,6
send,1
sendName,2
serialNumber,11
service,7
setValue,0
shelfLife,9
shippingInfo,8
shortDescr,4
shortExternalPubTitle,3
shortName,10
shortPmTitle,3
shrinkSleeve,5
shrinkSleeveGroup,4
shuntGroupingValue,11
siblingPlugIdent,7
signalInfo,7
simplePara,4
simpleRefPara,4
simpleRemark,8
size,6
skillLevel,3
sleeve,8
sleeveDiameter,6
sleeveGroup,7
snsAssy,8
snsCode,9
snsDescr,4
snsRules,3
snsSubSubSystem,7
snsSubSystem,6
snsSystem,5
snsTitle,9
softwareClassification,6
softwareCustomizationStatus,6
solderSleeve,5
solderSleeveGroup,4
sourceDmIdent,3
sourceDocRef,0
sourceMaintRecoverability,7
sourcePmIdent,3
sourceScormContentPackageIdent,3
sourceType,5
sourcingType,7
spareDescr,6
spareDescrGroup,5
sparePartClass,7
specDocument,7
specGroup,6
specialConnection,10
specialStorage,7
specialTerminal,8
sru,9
sruItem,8
standardPartGroup,3
state,9
street,9
stringValue,1
structureObjectRule,5
structureObjectRuleGroup,4
subScript,2
subStringFunction,0
subStringLength,1
subStringPosition,1
superScript,2
supersedure,5
supervisorLevel,5
supplyClassification,6
supplyDescr,6
supplyDescrGroup,5
supplyIdent,6
supplyRef,8
supplyRepository,3
supplyRqmt,7
supplyRqmtAltIdent,8
supplyRqmtAltStatus,8
supplyRqmtAlts,6
supplyRqmtIdent,6
supplyRqmtRef,7
supplyRqmtRepository,3
supplyRqmtSpec,5
supplyRqmtStatus,6
supplySet,7
supplySetGroup,6
supplySpec,5
supportEquipDescr,6
supportEquipDescrGroup,5
surfaceProtection,6
symbol,4
systemBreakdownCode,3
systemIdent,7
systemLocation,7
systemName,7
systemPosition,7
targetDmIssueInfo,3
targetDmStatus,2
task,5
taskCategory,8
taskDefinition,4
taskDefinitionAlts,3
taskDescr,6
taskDuration,5
taskGroup,4
taskItem,5
taskMarker,6
taskTitle,6
tbody,1
techData,6
techName,4
techPubBase,5
techStandard,3
temperature,6
terminationModuleGroupingValue,11
terminologyDefinition,6
terminologyIdent,6
terminologyPara,7
terminologyRef,7
terminologyRepository,3
terminologySpec,5
terminologyTerm,6
testDescr,10
testName,11
testParameters,10
testProcedure,10
tfoot,1
tgroup,0
thead,1
thermoCoupleMinus,8
thermoCouplePlus,8
threshold,9
thresholdInterval,5
thresholdValue,10
timeLimit,4
timeLimitCategory,4
timeLimitInfo,3
toEquip,7
tocEntry,6
tocList,4
tolerance,10
tool,7
toolAlts,6
toolIdent,6
toolRef,7
toolRefGroup,6
toolRepository,3
toolSpec,5
toolsList,3
toolsListCode,5
toolsListGroup,4
toolsRefs,7
totalQuantity,5
trade,6
trainingStep,3
transport,9
transverseLink,6
triaxialCableFlag,7
trigger,8
trueValue,1
twist,8
twistGroup,7
typeDesignation,7
unitOfIssue,7
unitOfIssueQualificationSegment,7
unverified,4
update,2
updateAddress,2
updateCode,4
updateIdent,3
updateIdentAndStatusSection,1
updateStatus,2
usableOnCodeAssy,6
usableOnCodeEquip,6
usage,8
validate,0
valueAfterAction,6
variable,4
variableDeclarations,3
variablePostSet,6
variablePreSet,2
variableRef,2
verbatimText,4
viewLocation,7
voltage,6
wallThickness,6
warning,4
warningAndCautionPara,5
warningIdent,6
warningMalfunction,7
warningMalfunctionAlts,6
warningRef,3
warningRepository,3
warningSpec,5
warningsAndCautions,2
warningsAndCautionsRef,2
webcgm,0
wire,5
wireAlts,4
wireCode,7
wireColor,7
wireConnection,6
wireConnectionCode,9
wireGauge,8
wireGroup,3
wireIdent,6
wireInfo,6
wireInstallationCode,8
wireMaterial,5
wireMaterialGroup,4
wireNumber,7
wireRoute,7
wireSeqNumber,7
wireType,8
wiringData,2
wiringFields,2
wiringPossibleCause,5
wiringPossibleCauseFrom,6
wiringPossibleCauseTo,6
workArea,7
workAreaLocationGroup,5
workLocation,6
yesAnswer,10
yesNoAnswer,9
zone,7
zoneAlts,6
zoneGroup,3
zoneIdent,6
zoneRef,7
zoneRefGroup,8
zoneRepository,3
zoneSide,8
zoneSpec,5
